"InvoiceId","TrackId"
1,2
1,4
2,6
2,8
2,10
2,12
3,16
3,20
3,24
3,28
3,32
3,36
4,42
4,48
4,54
4,60
4,66
4,72
4,78
4,84
4,90
5,99
5,108
5,117
5,126
5,135
5,144
5,153
5,162
5,171
5,180
5,189
5,198
5,207
5,216
6,230
7,231
7,232
8,234
8,236
9,238
9,240
9,242
9,244
10,248
10,252
10,256
10,260
10,264
10,268
11,274
11,280
11,286
11,292
11,298
11,304
11,310
11,316
11,322
12,331
12,340
12,349
12,358
12,367
12,376
12,385
12,394
12,403
12,412
12,421
12,430
12,439
12,448
13,462
14,463
14,464
15,466
15,468
16,470
16,472
16,474
16,476
17,480
17,484
17,488
17,492
17,496
17,500
18,506
18,512
18,518
18,524
18,530
18,536
18,542
18,548
18,554
19,563
19,572
19,581
19,590
19,599
19,608
19,617
19,626
19,635
19,644
19,653
19,662
19,671
19,680
20,694
21,695
21,696
22,698
22,700
23,702
23,704
23,706
23,708
24,712
24,716
24,720
24,724
24,728
24,732
25,738
25,744
25,750
25,756
25,762
25,768
25,774
25,780
25,786
26,795
26,804
26,813
26,822
26,831
26,840
26,849
26,858
26,867
26,876
26,885
26,894
26,903
26,912
27,926
28,927
28,928
29,930
29,932
30,934
30,936
30,938
30,940
31,944
31,948
31,952
31,956
31,960
31,964
32,970
32,976
32,982
32,988
32,994
32,1000
32,1006
32,1012
32,1018
33,1027
33,1036
33,1045
33,1054
33,1063
33,1072
33,1081
33,1090
33,1099
33,1108
33,1117
33,1126
33,1135
33,1144
34,1158
35,1159
35,1160
36,1162
36,1164
37,1166
37,1168
37,1170
37,1172
38,1176
38,1180
38,1184
38,1188
38,1192
38,1196
39,1202
39,1208
39,1214
39,1220
39,1226
39,1232
39,1238
39,1244
39,1250
40,1259
40,1268
40,1277
40,1286
40,1295
40,1304
40,1313
40,1322
40,1331
40,1340
40,1349
40,1358
40,1367
40,1376
41,1390
42,1391
42,1392
43,1394
43,1396
44,1398
44,1400
44,1402
44,1404
45,1408
45,1412
45,1416
45,1420
45,1424
45,1428
46,1434
46,1440
46,1446
46,1452
46,1458
46,1464
46,1470
46,1476
46,1482
47,1491
47,1500
47,1509
47,1518
47,1527
47,1536
47,1545
47,1554
47,1563
47,1572
47,1581
47,1590
47,1599
47,1608
48,1622
49,1623
49,1624
50,1626
50,1628
51,1630
51,1632
51,1634
51,1636
52,1640
52,1644
52,1648
52,1652
52,1656
52,1660
53,1666
53,1672
53,1678
53,1684
53,1690
53,1696
53,1702
53,1708
53,1714
54,1723
54,1732
54,1741
54,1750
54,1759
54,1768
54,1777
54,1786
54,1795
54,1804
54,1813
54,1822
54,1831
54,1840
55,1854
56,1855
56,1856
57,1858
57,1860
58,1862
58,1864
58,1866
58,1868
59,1872
59,1876
59,1880
59,1884
59,1888
59,1892
60,1898
60,1904
60,1910
60,1916
60,1922
60,1928
60,1934
60,1940
60,1946
61,1955
61,1964
61,1973
61,1982
61,1991
61,2000
61,2009
61,2018
61,2027
61,2036
61,2045
61,2054
61,2063
61,2072
62,2086
63,2087
63,2088
64,2090
64,2092
65,2094
65,2096
65,2098
65,2100
66,2104
66,2108
66,2112
66,2116
66,2120
66,2124
67,2130
67,2136
67,2142
67,2148
67,2154
67,2160
67,2166
67,2172
67,2178
68,2187
68,2196
68,2205
68,2214
68,2223
68,2232
68,2241
68,2250
68,2259
68,2268
68,2277
68,2286
68,2295
68,2304
69,2318
70,2319
70,2320
71,2322
71,2324
72,2326
72,2328
72,2330
72,2332
73,2336
73,2340
73,2344
73,2348
73,2352
73,2356
74,2362
74,2368
74,2374
74,2380
74,2386
74,2392
74,2398
74,2404
74,2410
75,2419
75,2428
75,2437
75,2446
75,2455
75,2464
75,2473
75,2482
75,2491
75,2500
75,2509
75,2518
75,2527
75,2536
76,2550
77,2551
77,2552
78,2554
78,2556
79,2558
79,2560
79,2562
79,2564
80,2568
80,2572
80,2576
80,2580
80,2584
80,2588
81,2594
81,2600
81,2606
81,2612
81,2618
81,2624
81,2630
81,2636
81,2642
82,2651
82,2660
82,2669
82,2678
82,2687
82,2696
82,2705
82,2714
82,2723
82,2732
82,2741
82,2750
82,2759
82,2768
83,2782
84,2783
84,2784
85,2786
85,2788
86,2790
86,2792
86,2794
86,2796
87,2800
87,2804
87,2808
87,2812
87,2816
87,2820
88,2826
88,2832
88,2838
88,2844
88,2850
88,2856
88,2862
88,2868
88,2874
89,2883
89,2892
89,2901
89,2910
89,2919
89,2928
89,2937
89,2946
89,2955
89,2964
89,2973
89,2982
89,2991
89,3000
90,3014
91,3015
91,3016
92,3018
92,3020
93,3022
93,3024
93,3026
93,3028
94,3032
94,3036
94,3040
94,3044
94,3048
94,3052
95,3058
95,3064
95,3070
95,3076
95,3082
95,3088
95,3094
95,3100
95,3106
96,3115
96,3124
96,3133
96,3142
96,3151
96,3160
96,3169
96,3178
96,3187
96,3196
96,3205
96,3214
96,3223
96,3232
97,3246
98,3247
98,3248
99,3250
99,3252
100,3254
100,3256
100,3258
100,3260
101,3264
101,3268
101,3272
101,3276
101,3280
101,3284
102,3290
102,3296
102,3302
102,3308
102,3314
102,3320
102,3326
102,3332
102,3338
103,3347
103,3356
103,3365
103,3374
103,3383
103,3392
103,3401
103,3410
103,3419
103,3428
103,3437
103,3446
103,3455
103,3464
104,3478
105,3479
105,3480
106,3482
106,3484
107,3486
107,3488
107,3490
107,3492
108,3496
108,3500
108,1
108,5
108,9
108,13
109,19
109,25
109,31
109,37
109,43
109,49
109,55
109,61
109,67
110,76
110,85
110,94
110,103
110,112
110,121
110,130
110,139
110,148
110,157
110,166
110,175
110,184
110,193
111,207
112,208
112,209
113,211
113,213
114,215
114,217
114,219
114,221
115,225
115,229
115,233
115,237
115,241
115,245
116,251
116,257
116,263
116,269
116,275
116,281
116,287
116,293
116,299
117,308
117,317
117,326
117,335
117,344
117,353
117,362
117,371
117,380
117,389
117,398
117,407
117,416
117,425
118,439
119,440
119,441
120,443
120,445
121,447
121,449
121,451
121,453
122,457
122,461
122,465
122,469
122,473
122,477
123,483
123,489
123,495
123,501
123,507
123,513
123,519
123,525
123,531
124,540
124,549
124,558
124,567
124,576
124,585
124,594
124,603
124,612
124,621
124,630
124,639
124,648
124,657
125,671
126,672
126,673
127,675
127,677
128,679
128,681
128,683
128,685
129,689
129,693
129,697
129,701
129,705
129,709
130,715
130,721
130,727
130,733
130,739
130,745
130,751
130,757
130,763
131,772
131,781
131,790
131,799
131,808
131,817
131,826
131,835
131,844
131,853
131,862
131,871
131,880
131,889
132,903
133,904
133,905
134,907
134,909
135,911
135,913
135,915
135,917
136,921
136,925
136,929
136,933
136,937
136,941
137,947
137,953
137,959
137,965
137,971
137,977
137,983
137,989
137,995
138,1004
138,1013
138,1022
138,1031
138,1040
138,1049
138,1058
138,1067
138,1076
138,1085
138,1094
138,1103
138,1112
138,1121
139,1135
140,1136
140,1137
141,1139
141,1141
142,1143
142,1145
142,1147
142,1149
143,1153
143,1157
143,1161
143,1165
143,1169
143,1173
144,1179
144,1185
144,1191
144,1197
144,1203
144,1209
144,1215
144,1221
144,1227
145,1236
145,1245
145,1254
145,1263
145,1272
145,1281
145,1290
145,1299
145,1308
145,1317
145,1326
145,1335
145,1344
145,1353
146,1367
147,1368
147,1369
148,1371
148,1373
149,1375
149,1377
149,1379
149,1381
150,1385
150,1389
150,1393
150,1397
150,1401
150,1405
151,1411
151,1417
151,1423
151,1429
151,1435
151,1441
151,1447
151,1453
151,1459
152,1468
152,1477
152,1486
152,1495
152,1504
152,1513
152,1522
152,1531
152,1540
152,1549
152,1558
152,1567
152,1576
152,1585
153,1599
154,1600
154,1601
155,1603
155,1605
156,1607
156,1609
156,1611
156,1613
157,1617
157,1621
157,1625
157,1629
157,1633
157,1637
158,1643
158,1649
158,1655
158,1661
158,1667
158,1673
158,1679
158,1685
158,1691
159,1700
159,1709
159,1718
159,1727
159,1736
159,1745
159,1754
159,1763
159,1772
159,1781
159,1790
159,1799
159,1808
159,1817
160,1831
161,1832
161,1833
162,1835
162,1837
163,1839
163,1841
163,1843
163,1845
164,1849
164,1853
164,1857
164,1861
164,1865
164,1869
165,1875
165,1881
165,1887
165,1893
165,1899
165,1905
165,1911
165,1917
165,1923
166,1932
166,1941
166,1950
166,1959
166,1968
166,1977
166,1986
166,1995
166,2004
166,2013
166,2022
166,2031
166,2040
166,2049
167,2063
168,2064
168,2065
169,2067
169,2069
170,2071
170,2073
170,2075
170,2077
171,2081
171,2085
171,2089
171,2093
171,2097
171,2101
172,2107
172,2113
172,2119
172,2125
172,2131
172,2137
172,2143
172,2149
172,2155
173,2164
173,2173
173,2182
173,2191
173,2200
173,2209
173,2218
173,2227
173,2236
173,2245
173,2254
173,2263
173,2272
173,2281
174,2295
175,2296
175,2297
176,2299
176,2301
177,2303
177,2305
177,2307
177,2309
178,2313
178,2317
178,2321
178,2325
178,2329
178,2333
179,2339
179,2345
179,2351
179,2357
179,2363
179,2369
179,2375
179,2381
179,2387
180,2396
180,2405
180,2414
180,2423
180,2432
180,2441
180,2450
180,2459
180,2468
180,2477
180,2486
180,2495
180,2504
180,2513
181,2527
182,2528
182,2529
183,2531
183,2533
184,2535
184,2537
184,2539
184,2541
185,2545
185,2549
185,2553
185,2557
185,2561
185,2565
186,2571
186,2577
186,2583
186,2589
186,2595
186,2601
186,2607
186,2613
186,2619
187,2628
187,2637
187,2646
187,2655
187,2664
187,2673
187,2682
187,2691
187,2700
187,2709
187,2718
187,2727
187,2736
187,2745
188,2759
189,2760
189,2761
190,2763
190,2765
191,2767
191,2769
191,2771
191,2773
192,2777
192,2781
192,2785
192,2789
192,2793
192,2797
193,2803
193,2809
193,2815
193,2821
193,2827
193,2833
193,2839
193,2845
193,2851
194,2860
194,2869
194,2878
194,2887
194,2896
194,2905
194,2914
194,2923
194,2932
194,2941
194,2950
194,2959
194,2968
194,2977
195,2991
196,2992
196,2993
197,2995
197,2997
198,2999
198,3001
198,3003
198,3005
199,3009
199,3013
199,3017
199,3021
199,3025
199,3029
200,3035
200,3041
200,3047
200,3053
200,3059
200,3065
200,3071
200,3077
200,3083
201,3092
201,3101
201,3110
201,3119
201,3128
201,3137
201,3146
201,3155
201,3164
201,3173
201,3182
201,3191
201,3200
201,3209
202,3223
203,3224
203,3225
204,3227
204,3229
205,3231
205,3233
205,3235
205,3237
206,3241
206,3245
206,3249
206,3253
206,3257
206,3261
207,3267
207,3273
207,3279
207,3285
207,3291
207,3297
207,3303
207,3309
207,3315
208,3324
208,3333
208,3342
208,3351
208,3360
208,3369
208,3378
208,3387
208,3396
208,3405
208,3414
208,3423
208,3432
208,3441
209,3455
210,3456
210,3457
211,3459
211,3461
212,3463
212,3465
212,3467
212,3469
213,3473
213,3477
213,3481
213,3485
213,3489
213,3493
214,3499
214,2
214,8
214,14
214,20
214,26
214,32
214,38
214,44
215,53
215,62
215,71
215,80
215,89
215,98
215,107
215,116
215,125
215,134
215,143
215,152
215,161
215,170
216,184
217,185
217,186
218,188
218,190
219,192
219,194
219,196
219,198
220,202
220,206
220,210
220,214
220,218
220,222
221,228
221,234
221,240
221,246
221,252
221,258
221,264
221,270
221,276
222,285
222,294
222,303
222,312
222,321
222,330
222,339
222,348
222,357
222,366
222,375
222,384
222,393
222,402
223,416
224,417
224,418
225,420
225,422
226,424
226,426
226,428
226,430
227,434
227,438
227,442
227,446
227,450
227,454
228,460
228,466
228,472
228,478
228,484
228,490
228,496
228,502
228,508
229,517
229,526
229,535
229,544
229,553
229,562
229,571
229,580
229,589
229,598
229,607
229,616
229,625
229,634
230,648
231,649
231,650
232,652
232,654
233,656
233,658
233,660
233,662
234,666
234,670
234,674
234,678
234,682
234,686
235,692
235,698
235,704
235,710
235,716
235,722
235,728
235,734
235,740
236,749
236,758
236,767
236,776
236,785
236,794
236,803
236,812
236,821
236,830
236,839
236,848
236,857
236,866
237,880
238,881
238,882
239,884
239,886
240,888
240,890
240,892
240,894
241,898
241,902
241,906
241,910
241,914
241,918
242,924
242,930
242,936
242,942
242,948
242,954
242,960
242,966
242,972
243,981
243,990
243,999
243,1008
243,1017
243,1026
243,1035
243,1044
243,1053
243,1062
243,1071
243,1080
243,1089
243,1098
244,1112
245,1113
245,1114
246,1116
246,1118
247,1120
247,1122
247,1124
247,1126
248,1130
248,1134
248,1138
248,1142
248,1146
248,1150
249,1156
249,1162
249,1168
249,1174
249,1180
249,1186
249,1192
249,1198
249,1204
250,1213
250,1222
250,1231
250,1240
250,1249
250,1258
250,1267
250,1276
250,1285
250,1294
250,1303
250,1312
250,1321
250,1330
251,1344
252,1345
252,1346
253,1348
253,1350
254,1352
254,1354
254,1356
254,1358
255,1362
255,1366
255,1370
255,1374
255,1378
255,1382
256,1388
256,1394
256,1400
256,1406
256,1412
256,1418
256,1424
256,1430
256,1436
257,1445
257,1454
257,1463
257,1472
257,1481
257,1490
257,1499
257,1508
257,1517
257,1526
257,1535
257,1544
257,1553
257,1562
258,1576
259,1577
259,1578
260,1580
260,1582
261,1584
261,1586
261,1588
261,1590
262,1594
262,1598
262,1602
262,1606
262,1610
262,1614
263,1620
263,1626
263,1632
263,1638
263,1644
263,1650
263,1656
263,1662
263,1668
264,1677
264,1686
264,1695
264,1704
264,1713
264,1722
264,1731
264,1740
264,1749
264,1758
264,1767
264,1776
264,1785
264,1794
265,1808
266,1809
266,1810
267,1812
267,1814
268,1816
268,1818
268,1820
268,1822
269,1826
269,1830
269,1834
269,1838
269,1842
269,1846
270,1852
270,1858
270,1864
270,1870
270,1876
270,1882
270,1888
270,1894
270,1900
271,1909
271,1918
271,1927
271,1936
271,1945
271,1954
271,1963
271,1972
271,1981
271,1990
271,1999
271,2008
271,2017
271,2026
272,2040
273,2041
273,2042
274,2044
274,2046
275,2048
275,2050
275,2052
275,2054
276,2058
276,2062
276,2066
276,2070
276,2074
276,2078
277,2084
277,2090
277,2096
277,2102
277,2108
277,2114
277,2120
277,2126
277,2132
278,2141
278,2150
278,2159
278,2168
278,2177
278,2186
278,2195
278,2204
278,2213
278,2222
278,2231
278,2240
278,2249
278,2258
279,2272
280,2273
280,2274
281,2276
281,2278
282,2280
282,2282
282,2284
282,2286
283,2290
283,2294
283,2298
283,2302
283,2306
283,2310
284,2316
284,2322
284,2328
284,2334
284,2340
284,2346
284,2352
284,2358
284,2364
285,2373
285,2382
285,2391
285,2400
285,2409
285,2418
285,2427
285,2436
285,2445
285,2454
285,2463
285,2472
285,2481
285,2490
286,2504
287,2505
287,2506
288,2508
288,2510
289,2512
289,2514
289,2516
289,2518
290,2522
290,2526
290,2530
290,2534
290,2538
290,2542
291,2548
291,2554
291,2560
291,2566
291,2572
291,2578
291,2584
291,2590
291,2596
292,2605
292,2614
292,2623
292,2632
292,2641
292,2650
292,2659
292,2668
292,2677
292,2686
292,2695
292,2704
292,2713
292,2722
293,2736
294,2737
294,2738
295,2740
295,2742
296,2744
296,2746
296,2748
296,2750
297,2754
297,2758
297,2762
297,2766
297,2770
297,2774
298,2780
298,2786
298,2792
298,2798
298,2804
298,2810
298,2816
298,2822
298,2828
299,2837
299,2846
299,2855
299,2864
299,2873
299,2882
299,2891
299,2900
299,2909
299,2918
299,2927
299,2936
299,2945
299,2954
300,2968
301,2969
301,2970
302,2972
302,2974
303,2976
303,2978
303,2980
303,2982
304,2986
304,2990
304,2994
304,2998
304,3002
304,3006
305,3012
305,3018
305,3024
305,3030
305,3036
305,3042
305,3048
305,3054
305,3060
306,3069
306,3078
306,3087
306,3096
306,3105
306,3114
306,3123
306,3132
306,3141
306,3150
306,3159
306,3168
306,3177
306,3186
307,3200
308,3201
308,3202
309,3204
309,3206
310,3208
310,3210
310,3212
310,3214
311,3218
311,3222
311,3226
311,3230
311,3234
311,3238
312,3244
312,3250
312,3256
312,3262
312,3268
312,3274
312,3280
312,3286
312,3292
313,3301
313,3310
313,3319
313,3328
313,3337
313,3346
313,3355
313,3364
313,3373
313,3382
313,3391
313,3400
313,3409
313,3418
314,3432
315,3433
315,3434
316,3436
316,3438
317,3440
317,3442
317,3444
317,3446
318,3450
318,3454
318,3458
318,3462
318,3466
318,3470
319,3476
319,3482
319,3488
319,3494
319,3500
319,3
319,9
319,15
319,21
320,30
320,39
320,48
320,57
320,66
320,75
320,84
320,93
320,102
320,111
320,120
320,129
320,138
320,147
321,161
322,162
322,163
323,165
323,167
324,169
324,171
324,173
324,175
325,179
325,183
325,187
325,191
325,195
325,199
326,205
326,211
326,217
326,223
326,229
326,235
326,241
326,247
326,253
327,262
327,271
327,280
327,289
327,298
327,307
327,316
327,325
327,334
327,343
327,352
327,361
327,370
327,379
328,393
329,394
329,395
330,397
330,399
331,401
331,403
331,405
331,407
332,411
332,415
332,419
332,423
332,427
332,431
333,437
333,443
333,449
333,455
333,461
333,467
333,473
333,479
333,485
334,494
334,503
334,512
334,521
334,530
334,539
334,548
334,557
334,566
334,575
334,584
334,593
334,602
334,611
335,625
336,626
336,627
337,629
337,631
338,633
338,635
338,637
338,639
339,643
339,647
339,651
339,655
339,659
339,663
340,669
340,675
340,681
340,687
340,693
340,699
340,705
340,711
340,717
341,726
341,735
341,744
341,753
341,762
341,771
341,780
341,789
341,798
341,807
341,816
341,825
341,834
341,843
342,857
343,858
343,859
344,861
344,863
345,865
345,867
345,869
345,871
346,875
346,879
346,883
346,887
346,891
346,895
347,901
347,907
347,913
347,919
347,925
347,931
347,937
347,943
347,949
348,958
348,967
348,976
348,985
348,994
348,1003
348,1012
348,1021
348,1030
348,1039
348,1048
348,1057
348,1066
348,1075
349,1089
350,1090
350,1091
351,1093
351,1095
352,1097
352,1099
352,1101
352,1103
353,1107
353,1111
353,1115
353,1119
353,1123
353,1127
354,1133
354,1139
354,1145
354,1151
354,1157
354,1163
354,1169
354,1175
354,1181
355,1190
355,1199
355,1208
355,1217
355,1226
355,1235
355,1244
355,1253
355,1262
355,1271
355,1280
355,1289
355,1298
355,1307
356,1321
357,1322
357,1323
358,1325
358,1327
359,1329
359,1331
359,1333
359,1335
360,1339
360,1343
360,1347
360,1351
360,1355
360,1359
361,1365
361,1371
361,1377
361,1383
361,1389
361,1395
361,1401
361,1407
361,1413
362,1422
362,1431
362,1440
362,1449
362,1458
362,1467
362,1476
362,1485
362,1494
362,1503
362,1512
362,1521
362,1530
362,1539
363,1553
364,1554
364,1555
365,1557
365,1559
366,1561
366,1563
366,1565
366,1567
367,1571
367,1575
367,1579
367,1583
367,1587
367,1591
368,1597
368,1603
368,1609
368,1615
368,1621
368,1627
368,1633
368,1639
368,1645
369,1654
369,1663
369,1672
369,1681
369,1690
369,1699
369,1708
369,1717
369,1726
369,1735
369,1744
369,1753
369,1762
369,1771
370,1785
371,1786
371,1787
372,1789
372,1791
373,1793
373,1795
373,1797
373,1799
374,1803
374,1807
374,1811
374,1815
374,1819
374,1823
375,1829
375,1835
375,1841
375,1847
375,1853
375,1859
375,1865
375,1871
375,1877
376,1886
376,1895
376,1904
376,1913
376,1922
376,1931
376,1940
376,1949
376,1958
376,1967
376,1976
376,1985
376,1994
376,2003
377,2017
378,2018
378,2019
379,2021
379,2023
380,2025
380,2027
380,2029
380,2031
381,2035
381,2039
381,2043
381,2047
381,2051
381,2055
382,2061
382,2067
382,2073
382,2079
382,2085
382,2091
382,2097
382,2103
382,2109
383,2118
383,2127
383,2136
383,2145
383,2154
383,2163
383,2172
383,2181
383,2190
383,2199
383,2208
383,2217
383,2226
383,2235
384,2249
385,2250
385,2251
386,2253
386,2255
387,2257
387,2259
387,2261
387,2263
388,2267
388,2271
388,2275
388,2279
388,2283
388,2287
389,2293
389,2299
389,2305
389,2311
389,2317
389,2323
389,2329
389,2335
389,2341
390,2350
390,2359
390,2368
390,2377
390,2386
390,2395
390,2404
390,2413
390,2422
390,2431
390,2440
390,2449
390,2458
390,2467
391,2481
392,2482
392,2483
393,2485
393,2487
394,2489
394,2491
394,2493
394,2495
395,2499
395,2503
395,2507
395,2511
395,2515
395,2519
396,2525
396,2531
396,2537
396,2543
396,2549
396,2555
396,2561
396,2567
396,2573
397,2582
397,2591
397,2600
397,2609
397,2618
397,2627
397,2636
397,2645
397,2654
397,2663
397,2672
397,2681
397,2690
397,2699
398,2713
399,2714
399,2715
400,2717
400,2719
401,2721
401,2723
401,2725
401,2727
402,2731
402,2735
402,2739
402,2743
402,2747
402,2751
403,2757
403,2763
403,2769
403,2775
403,2781
403,2787
403,2793
403,2799
403,2805
404,2814
404,2823
404,2832
404,2841
404,2850
404,2859
404,2868
404,2877
404,2886
404,2895
404,2904
404,2913
404,2922
404,2931
405,2945
406,2946
406,2947
407,2949
407,2951
408,2953
408,2955
408,2957
408,2959
409,2963
409,2967
409,2971
409,2975
409,2979
409,2983
410,2989
410,2995
410,3001
410,3007
410,3013
410,3019
410,3025
410,3031
410,3037
411,3046
411,3055
411,3064
411,3073
411,3082
411,3091
411,3100
411,3109
411,3118
411,3127
411,3136
411,3145
411,3154
411,3163
412,3177
